Formation Continue / initiale;Vous êtes une structure ...;Libellé de l'établissement;Libellé du département / Unité de formation;Cycle de formation;Le programme couvre / Objectif;Courte description du programme / Contenu;Type d'organisme;NOM de l'organisme;Intitulé de la formation;Localisation de la structure (ville);Cette formation donne t-elle lieu à une validation des acquis ? Si oui, lesquels ?;Durée de la formation / intervention (en j);Modalités d’accès à la formation (présentiel / distanciel / hybride);URL décrivant le programme
Formation Continue;MOOC;;;;;"Développeur responsable :
- Comprendre les enjeux du Numérique Responsable
- Comprendre l'impact environnemental des décisions de développement
- Apprendre les bonnes pratiques éco-responsables à mettre en oeuvre dans votre quotidien
- Mesurer l'empreinte environnementale de votre application
- Réduire l'impact environnemental de votre code";Cours en ligne;The green Companion;Développeur responsable;National;non;1,5;Distanciel;https://thegreencompagnon.com/cours/developpeur-responsable/
Formation Continue;MOOC;;;;;"Designer responsable :
- Comprendre les enjeux du Numérique Responsable
- Comprendre l’impact environnemental de vos décisions design & UX
- Apprendre les bonnes pratiques éco-responsables à mettre en oeuvre dans votre quotidien
- Réduire l’impact environnemental de vos designs et de vos parcours utilisateurs";Cours en ligne;The green Companion;Designer responsable;National;non;1,5;Distanciel;https://thegreencompagnon.com/cours/ux-ui-designer-responsable/
Formation Continue;MOOC;;;;;"Infrastructure responsable :
- Comprendre les enjeux du Numérique Responsable
- Comprendre l’impact environnemental des datacenters et des services clouds
- Apprendre les bonnes pratiques éco-responsables à mettre en oeuvre dans votre quotidien
- Utiliser les outils de mesure d’empreinte carbone des datacenters
- Réduire l’impact environnemental de votre infrastructure";Cours en ligne;The green Companion;Infrastructure responsable;National;non;1,5;Distanciel;https://thegreencompagnon.com/cours/sre-responsable/
Formation Continue;MOOC;;;;;"Impact du numérique et concepts clés de l’éco-conception :
- Comprendre l'origine du dérèglement climatique
- Comprendre l'impact environnemental, éthique et social de votre produit
- Acquérir les concepts clés du Numérique Responsable?";Cours en ligne;The green Companion;Impact du numérique et concepts clés de l'éco-conception;National;non;0,5;Distanciel;https://thegreencompagnon.com/cours/impact-du-numerique-et-concepts-cles-de-leco-conception/
Formation Continue;MOOC;;;;;"il est fréquent d’entendre dire que le numérique est “green”, c’est-à-dire qu’il n’a pas ou que peu d’impact écologique, voire qu’il réduit les impacts écologiques du reste de notre économie. Dans ce cours, nous allons remettre en question ces deux idées. En effet, le numérique a au contraire des impacts écologiques réels et croissants : émissions de gaz à effet de serre, pollutions, production de déchets toxiques, etc. De plus, sa capacité à réduire les impacts écologiques du reste de notre économie est sujette à caution (effet rebond, obsolescence programmée, etc.).

Grâce à des exemples concrets et des cas pratiques, ce cours vous permettra d’avoir un aperçu des enjeux et des moyens disponibles pour rendre le numérique plus écologique. Suivre ce cours vous permettra de vous outiller pour être acteur d’un numérique plus écologique. Vous serez en capacité de réduire l’impact écologique d’un SI, celui d’un site web et de vous impliquer dans l’écoconception d’un service numérique.

Vous souhaitez déployer des actions Green IT dans votre entreprise ? Alors rejoignez-moi dans le premier chapitre !";OpenClasse room;;Appliquez les principes du GreenIT dans votre entreprise;National;non;0,5;Distanciel;https://openclassrooms.com/fr/courses/6227476-appliquez-les-principes-du-green-it-dans-votre-entreprise
Formation Continue;Privée (établissement de formation, entreprise, etc.);;;;;"Comprendre les enjeux du numérique responsable
Maitriser les réglementations du secteur
Agir sur son écosystème en intégrant des bonnes pratiques professionnelles
Mettre en œuvre une stratégie numérique responsable";Organisme de formation;Pollen;NUMÉRIQUE RESPONSABLE;Toulouse;non mais les apprenants sont en mesure de passer le certificat de connaissance à l'issue de cette formation;2;Présentiel et distanciel;
Formation Continue;Privée (établissement de formation, entreprise, etc.);;;;;"- Maîtriser la démarche et la méthodologie de conception responsable de services numériques pour déployer le Numérique Responsable dans les projets
- Savoir mesurer la performance environnementale d’un site internet
- Savoir identifier les leviers d’actions à mettre en œuvre
- Être en mesure de concevoir un service numérique en intégrant les bonnes pratiques d’éco-conception web et d’accessibilité
- Identifier les référentiels et outils existants
- Obtenir la certification éco conception web délivrée par l’Institut du Numérique Responsable";Organisme de formation;Pollen;Ecoconception de site Internet;Toulouse;oui. Un certificat de connaissance délivré par l'INR;2;Présentiel et distanciel;https://www.toulouse.cci.fr/solution/eco-conception-de-site-internet
Formation Continue;Privée (établissement de formation, entreprise, etc.);;;;;"Accessibilité web
• Définir une stratégie de mise en place de l’accessibilité numérique • Sensibiliser différents publics (collègues, prestataires, responsables…) aux enjeux de l’accessibilité numérique • Favoriser la prise en compte de l’accessibilité à tous les niveaux de l’organisation (achats, conception/UX, développements techniques, formation…) • Élaborer des schémas d’accessibilité pluriannuels et plans annuels • Auditer un site et savoir évaluer certains critères d’accessibilité sur un site web • Intégrer l’assurance qualité web dans votre démarche
Assurance qualité web
• Connaître le modèle et les check-lists qualité Web • Connaître les méthodes d’évaluation des sites Web • Prévenir les risques et maîtriser le vocabulaire du web • Gérer la qualité et l’accessibilité d’un site internet";Organisme de formation;Pollen;Accessibilité et assurance qualité web;Toulouse;non;2;Présentiel et distanciel;
Formation Continue;Privée (établissement de formation, entreprise, etc.);;;;;"CONTENU DE LA FORMATION
JOUR 01

CONSCIENTISATION : LA FACE CACHEE DE LA REVOLUTION NUMERIQUE
› L’impact du Numérique sur l’environnement
› L’exclusion Numérique
› Soyons précis sur les termes !
› Atelier /mise en pratique

COMPRENDRE L’ECOCONCEPTION DE SERVICES NUMERIQUES
› Pourquoi l’écoconception ?
› Les enjeux du Numérique Responsable pour l’entreprise
› Etat de l’art
› Ecosystème du numérique responsable
› Atelier/ Mise en pratique

UN MODELE RECONNU : LE GREENSOFT MODEL
› La « software value Map »
› Audit du niveau d’écoconception d’un logiciel
› Le modèle « Greensoft »
› Les enjeux au niveau du poste de travail
› Mise en pratique : quels « quick wins » au sein de votre organisation ?

JOUR 02

Le formateur s’attachera à créer des passerelles entre la formation et les environnements professionnels des participants.

CAS CONCRET
› Application de la software value Map
› Application du Greensoft Model
› Engagements

MISES EN PRATIQUES AU NIVEAU PROJET
Le formateur présente un projet à étudier. Le formateur déroule le sujet pour que chacun puisse se l’approprier et mettre en pratique une démarche d’écoconception numérique en utilisant les outils et les bonnes pratiques.

CLOTURE, RESTITUTION ET BILAN DE LA JOURNEE";Organisme de formation;INFOGREEN FACTORY;ECOCONCEPTION-  GESTION DE PROJETS;National;"OBJECTIFS PÉDAGOGIQUES
Prendre du recul par rapport au « business as usual » dans les projets informatiques.
Définir les enjeux et contextes du numérique et pourquoi il est crucial d’intégrer une démarche d’écoconception.
Acquérir et de mettre en pratique sous forme d’ateliers les connaissances socles sur le sujet du Numérique Responsable.
S’appuyer sur une méthodologie pour déployer le Numérique Responsable dans les projets.
Identifier les référentiels et outils existants.
Comprendre l’écoconception appliquée aux services numériques.
Être en mesure de concevoir un logiciel en intégrant les bonnes pratiques d’éco-conception numérique.";2;Présentiel et distanciel;"https://infogreenfactory.green/contact/

ou

via notre partenaire IHMISEN: https://ihmisen.com/NRE030_Ecoconception-pour-la-gestion-de-projets.php"
Formation Continue;Privée (établissement de formation, entreprise, etc.);;;;;"CONTENU DE LA FORMATION
JOUR 01

QUIZ – PRISE DE CONTACT

LES ENJEUX
› Les apports et travers du numérique
› L’impact environnemental
› L’exclusion de certains publics
› Les dérives éthiques

LES LEVIERS ET LES OUTILS POUR DEPLOYER UNE STRATEGIE NUNERIQUE RESPONSABLE
› Green IT, IT for green, Numérique Responsable,…
› Les leviers politiques (législation actuelle et évolution)
› L’importance de la RSE au sein des entreprises
› Les outils

DEPLOYER UNE STRATEGIE NUMERIQUE RESPONSABLE
› 8 bonnes raisons
› Stratégie globale vs stratégie NR
› Les incontournables
› Les outils

JOUR 02

LES ETAPES D’UNE STRATEGIE NUMERIQUE RESPONSABLE EN ENTREPRISE
› La Sensibilisation
› Les étapes et les référentiels
› Un projet NR
› La gouvernance du NR en entreprise

LES BONNES PRATIQUES PAR GRANDS DOMAINES TECHNIQUE
› Les référentiels
› Les achats
› La gestion de la fin de vie
› Le poste de travail

ATELIER PRATIQUE POSTE DE TRAVAIL
› L’impression
› La téléphonie
› Les projets IT
› Les Datacentre
› Les bonnes pratiques individuelles

CAS PRATIQUE EN PETITS GROUPES

QUIZZ EN PREPARATION A LA CERTIFICATION NR

ENJEUX, PERSPECTIVES ET RESSOURCES DISPONIBLES

CLOTURE, RESTITUTION ET BILAN DE LA FORMATION";Organisme de formation;INFOGREEN FACTORY;NUMÉRIQUE RESPONSABLE;National;"Définir les enjeux et contextes du numérique et pourquoi il est crucial d’intégrer une démarche responsable.
Identifier dans l’ensemble du cycle de vie des équipements et services numériques les critères importants (achats, usage, fin de vie, conception).
Découvrir une méthodologie et des outils pour une mise en pratique du numérique responsable.
Valider la certification « Numérique responsable » portée par l’Université de la Rochelle et l’Institut du Numérique Responsable (INR).";2;Présentiel et distanciel;"https://infogreenfactory.green/contact/

ou

https://ihmisen.com/NRE010_Sensibilisation-au-Numerique-Responsable.php"
Formation Continue;Privée (établissement de formation, entreprise, etc.);;;;;"Développeur responsable :
Cette formation est faite pour vous si vous souhaitez :
- Comprendre les enjeux du Numérique Responsable
- Comprendre l’impact environnemental des décisions de développement
- Apprendre les bonnes pratiques éco-responsables à mettre en oeuvre dans votre quotidien
- Mesurer l’empreinte environnementale de votre application
- Réduire l’impact environnemental de votre code";Entreprise;The Green Compagnon;Développeur responsable (front & back);National;Non;1;Distanciel;https://thegreencompagnon.com/cours/developpeur-responsable/
Formation Continue;Privée (établissement de formation, entreprise, etc.);;;;;"Vous êtes UI Designer, UX Manager ou Product Manager ?
Cette formation est faite pour vous si vous souhaitez :
- Comprendre les enjeux du Numérique Responsable
- Comprendre l’impact environnemental de vos décisions design & UX
- Apprendre les bonnes pratiques éco-responsables à mettre en oeuvre dans votre quotidien
- Réduire l’impact environnemental de vos designs et de vos parcours utilisateurs";Entreprise;The Green Compagnon;Designer Responsable;National;Non;1;Distanciel;https://thegreencompagnon.com/cours/ux-ui-designer-responsable/
Formation Continue;Privée (établissement de formation, entreprise, etc.);;;;;"JOUR 1 :
Les objectifs du référentiel CoRSer Num
• Le principe
• Les enjeux du référentiel
La structure de CoRSer Num
• Les familles / étapes projet
• Liaison avec les ODD de l’ONU
• Les recommandations
• Les critères et les catégories de critères
• Le référentiel en chiffre
Mise en œuvre du référentiel
• La méthodologie
Le contenu des référentiels GR 491 et RGESN
• Le détail des incontournables du Numérique Responsable
• Personnaliser votre liste
Les autres référentiels
• Référentiel d’accessibilité
• Référentiel OPQUAST
• Référentiel PIDILA
• Référentiel Général d’Ecoconception de Services Numériques
• Les autres (RGPD, RGS)
Clôture, restitution, évaluation des acquis et bilan de la formation";Organisme de formation;IHMISEN;Ecoconception outils, GR 491 et RGESN;Toulouse;"Cette formation vise à fournir aux participants une connaissance du
référentiel de l’INR le GR491 et du RGESN (référentiel d'écoconception issu du GR491) pour mettre en pratique les recommandations dans
chacune des étapes projet.
La formation permettra :
• De préciser les objectifs du référentiel
• De comprendre la structure des éléments proposés dans le référentiel
• D’identifier les relations avec les Objectifs de Développement Durable
de l’ONU
• De préciser la méthodologie de mise en œuvre du référentiel dans une
organisation
• De comprendre les éléments exposés dans le référentiel
• De relier le référentiel INR avec les autres référentiels disponibles
Le module « Référentiel INR » a donc pour vocation de permettre aux acteurs
du numérique (Product Owner, Développeurs, Designers, Chefs de projet) de
mettre en pratique l’écoconception de services numériques dans une
démarche Numérique Responsable et de sobriété numérique.";1;Présentiel et distanciel;https://ihmisen.com/NRE060_Referentiel-CoRSer-Num-de-l-INR.php
Formation Continue;Privée (établissement de formation, entreprise, etc.);;;;;"Véritable point de départ de votre stratégie numérique responsable, cette formation vous permettra de faire des choix pertinents en accord avec les enjeux environnementaux et sociaux actuels selon votre contexte.
Nous y (re)découvrirons les impacts environnementaux et sociaux du numérique, la législation et l'écosystème. Puis chaque domaine d'action en entreprise sera évoqué avec les bonnes pratiques associées, les outils existants et les acteurs correspondants. Enfin la mise en place du changement en entreprise (gouvernance, communication, intégration des collaborateurs, amélioration continue...) sera étudiée à partir du contexte spécifique des participants. Ces participants repartiront également avec une feuille de route des prochaines actions à mener pour agir dès la fin de la formation.";Formatrice;Ecologeek;Initier une démarche Numérique Responsable dans mon entreprise;Rennes;Possibilité de passer la certification numérique responsable de l'INR après la formation.;3;Présentiel et distanciel;https://www.ecologeek.fr/formation
Formation Continue;Privée (établissement de formation, entreprise, etc.);;;;;"Objectifs :
Comprendre le contexte du Green IT : chiffres clés, tendances, etc
Identifier les acteurs et les outils du Green IT.
Définir une stratégie Green IT alignée sur la politique RSE / Développement Durable de l'organisation
Mettre en place les outils de suivi, pilotage et gouvernance de la stratégie Green IT
Identifier les dossiers clés pour votre organisation tant en terme de retour sur investissement que de réduction d’empreinte écologique
Programme :
Jour 1
Contexte du Green IT et Constats (Les enjeux du développement durable, les objectifs de développement durable, la RSE et sa position par rapport au Green IT)
Outils et connaissances de base (La notion de cycle de vie, Les impacts du numérique tout au long du cycle de vie, Analyse de Cycle de Vie, Bilan Carbone, Energie Grise)
Jour 2
Réduire les impacts du numérique (Le cadre réglementaire, les normes, les labels)
Où en sont les entreprises ? ( Les bonnes pratiques du Green IT, Des exemples d’actions et d’initiatives)
Les composantes d’une démarche Green IT (Gouvernance, Parties prenantes)
Mettre en oeuvre un stratégie Green IT (Les étapes-clé, piloter la performance, soit à partir d'une étude de cas, soit à partir du cas concret de l'entreprise)
Inventaire des pratiques existantes grâce à une ""check list"" sur les 8 thématiques du Green IT";Formatrice d'entreprise;;Green IT;Boulogne-Billancourt;Non;1,5;Présentiel et distanciel;http://www.valerieschneider.com
Formation Continue;Privée (établissement de formation, entreprise, etc.);;;;;Cette formation de deux jours permet de comprendre les enjeux du numérique responsable, maîtriser les règlementations du secteur, intégrer les bonnes pratiques pour, au final, être en mesure de mettre en œuvre une stratégie numérique responsable au sein de l'entreprise.;Organisme de formation;M.I.R;S'orienter vers un numérique plus responsable;Paris;Certificat de connaissance de l’Institut du Numérique Responsable (optionnel);2;Présentiel et distanciel;https://www.mir-cf.com/formations
Formation Continue;Privée (établissement de formation, entreprise, etc.);;;;;"Objectifs de la formation :
Définir les enjeux et contextes du numérique et pourquoi il est crucial d’intégrer une démarche responsable.
Identifier dans l’ensemble du cycle de vie des équipements et services numériques les critères importants (achats, usage, fin de vie, conception).
Découvrir une méthodologie et des outils pour une mise en pratique du numérique responsable.
Appréhender les bonnes pratiques des grands domaines.
Préparer la certification « Numérique responsable » portée par l’Université de la Rochelle et l’Institut du Numérique Responsable (INR).
Comprendre les enjeux des années à venir.";Cabinet de Conseil, Cabinet de Coaching et Organisme de formation certifié Qualiopi;Ihmisen Academy;Sensibilisation au Numérique Responsable;Toulouse;"› Attestation de fin de formation.
› Certification Numérique Responsable (NR).";2;Présentiel et distanciel;https://www.ihmisen.com/NRE010_Sensibilisation-au-Numerique-Responsable.php
Formation Continue;Privée (établissement de formation, entreprise, etc.);;;;;"Objectif de la formation :
Présenter les enjeux et contextes du numérique et pourquoi il est crucial d’intégrer une démarche d’écoconception.
Comprendre que le succès du déploiement de cette démarche est lié à son intégration dans une stratégie durable et globale d’entreprise.
Faire ainsi converger la stratégie de l’organisation et les enjeux que le Numérique Responsable doit traiter.
Définir les outils nécessaires à la prise en charge de la durabilité dans la stratégie d’entreprise.
Identifier les leviers permettant de déployer et piloter l’écoconception au sein des organisations.
Se projeter sur une mise en pratique concrète en entreprise.";Cabinet de Conseil, Cabinet de Coaching et Organisme de formation certifié Qualiopi;Ihmisen Academy;Numérique Responsable - Ecoconception pour les dirigeants;Toulouse;› Attestation de fin de formation.;1;Présentiel et distanciel;https://www.ihmisen.com/NRE020_Ecoconception-pour-les-dirigeants.php
Formation Continue;Privée (établissement de formation, entreprise, etc.);;;;;"Objectif de la formation :
Prendre du recul par rapport au « business as usual » dans les projets informatiques.
Définir les enjeux et contextes du numérique et pourquoi il est crucial d’intégrer une démarche d’écoconception.
Comprendre l’écoconception appliquée aux services numériques.
S’appuyer sur une méthodologie pour déployer le Numérique Responsable dans les projets.
Identifier les référentiels et outils existants.
Acquérir et de mettre en pratique sous forme d’ateliers les connaissances socles sur le sujet du Numérique Responsable.
Être en mesure de concevoir un logiciel en intégrant les bonnes pratiques d’éco-conception numérique.";Cabinet de Conseil, Cabinet de Coaching et Organisme de formation certifié Qualiopi;Ihmisen Academy;Numérique Responsable - Ecoconception pour la gestion de projets;Toulouse;› Attestation de fin de formation.;2;Présentiel et distanciel;https://www.ihmisen.com/NRE030_Ecoconception-pour-la-gestion-de-projets.php
Formation Continue;Privée (établissement de formation, entreprise, etc.);;;;;"Objectifs pédagogiques
Prendre du recul par rapport au « business as usual » dans les projets informatiques.
Définir les enjeux et contextes du numérique et pourquoi il est crucial d’intégrer une démarche d’écoconception.
Comprendre l’écoconception appliquée aux services numériques.
S’appuyer sur une méthodologie pour déployer le Numérique Responsable dans les projets.
Identifier les référentiels et outils existants.
Acquérir et de mettre en pratique sous forme d’ateliers les connaissances socles sur le sujet du Numérique Responsable.
Être en mesure de concevoir un logiciel en intégrant les bonnes pratiques d’éco-conception numérique.";Cabinet de Conseil, Cabinet de Coaching et Organisme de formation certifié Qualiopi;Ihmisen Academy;Numérique Responsable - Ecoconception pour les développeurs;Toulouse;› Attestation de fin de formation.;3;Présentiel et distanciel;https://www.ihmisen.com/NRE040_Ecoconception-pour-les-developpeurs.php
Formation Continue;Privée (établissement de formation, entreprise, etc.);;;;;"Objectifs pédagogiques
Préciser les objectifs du référentiel.
Comprendre la structure des éléments proposés dans le référentiel.
Identifier les relations avec les Objectifs de Développement Durable de l’ONU.
Préciser la méthodologie de mise en œuvre du référentiel dans une organisation.
Comprendre les éléments exposés dans le référentiel.
Relier le référentiel INR avec les autres référentiels disponibles.";Cabinet de Conseil, Cabinet de Coaching et Organisme de formation certifié Qualiopi;Ihmisen Academy;Numérique Responsable – Référentiel « Conception responsable de Services Numériques » de l’INR;Toulouse;› Attestation de fin de formation.;1;Présentiel et distanciel;https://www.ihmisen.com/NRE060_Referentiel-CoRSer-Num-de-l-INR.php
Formation Continue;Privée (établissement de formation, entreprise, etc.);;;;;"Objectifs pédagogiques
Prendre du recul par rapport au « business as usual » dans les projets informatiques.
Définir les enjeux et contextes du numérique et pourquoi il est crucial d’intégrer une démarche d’écoconception.
Comprendre l’écoconception appliquée aux services numériques.
S’appuyer sur une méthodologie pour déployer le Numérique Responsable dans les projets.
Identifier les référentiels et outils existants.
Acquérir et de mettre en pratique sous forme d’ateliers les connaissances socles sur le sujet du Numérique Responsable.
Être en mesure de concevoir un produit / service en intégrant les bonnes pratiques d’éco-conception numérique.";Cabinet de Conseil, Cabinet de Coaching et Organisme de formation certifié Qualiopi;Ihmisen Academy;Numérique Responsable – Ecoconception pour les Fonctionnels;Toulouse;› Attestation de fin de formation.;2;Présentiel et distanciel;https://www.ihmisen.com/NRE070_Ecoconception-pour-les-Fonctionnels.php
Formation Continue;Privée (établissement de formation, entreprise, etc.);;;;;"Objectifs pédagogiques
Mettre en œuvre une dynamique collective pour faciliter les partages d’expérience.
Définir les enjeux et contextes du numérique et pourquoi il est crucial d’intégrer une démarche d’écoconception.
Comprendre pourquoi et comment une démarche d’écoconception permet de réduire les impacts du numérique sur l’environnement et l’exclusion des personnes.
Prendre du recul par rapport au « business as usual » dans les projets informatiques.
S’appuyer sur une méthodologie pour déployer le Numérique Responsable dans les projets.
Acquérir et de mettre en pratique sous forme d’ateliers les connaissances socles sur le sujet du Numérique Responsable.
Identifier les référentiels et outils existants.
Comprendre l’écoconception appliquée aux services numériques.
Être en mesure de concevoir un logiciel en intégrant les bonnes pratiques d’écoconception numérique.
Comprendre que les performances environnementales, techniques et la sécurité des services numériques convergent.
Connaître les outils disponibles pour mettre en œuvre l’écoconception appliquée aux services numériques.
Renforcer les bonnes pratiques des métiers du développement et du design pour mettre en œuvre efficacement l’écoconception.
Développer et de transmettre une démarche holistique d’écoconception de service numérique.";Cabinet de Conseil, Cabinet de Coaching et Organisme de formation certifié Qualiopi;Ihmisen Academy;Numérique Responsable – Ecoconception pour les Lead Dev, Développeurs et UX Designers;Toulouse;› Attestation de fin de formation.;3;Présentiel et distanciel;https://www.ihmisen.com/NRE080_Ecoconception-pour-les-lead-dev-developpeurs-UX-designers.php
Formation Continue;Privée (établissement de formation, entreprise, etc.);;;;;"Objectifs de la formation :
- Avoir la théorie et la pratique des sujets Numérique responsable et Écoconception numérique
- Comprendre les impacts du numérique inscrits dans des enjeux globaux
- Maîtriser les différences de concepts et de valeurs présents dans le Numérique responsable
- Aborder la démarche d’écoconception numérique de façon simple et outillée
- Agir, en créant le réflexe de sobriété numérique au sein des futurs projets numériques
- Réfléchir concrètement à l’écoconception d’un service numérique en minimisant son impact environnemental via un exercice d’optimisation

Le programme détaillé est le suivant :
1/ Le contexte actuel, les enjeux environnementaux et sociaux
2/ L’impact global du numérique : Analyse du cycle de vie (ACV) du numérique et d’un projet de service numérique
3/ L’impact de la fabrication matérielle, de nos usages quotidiens du numérique et de la fin de vie
4/ Place à la sobriété et à la responsabilité : définition des concepts de sobriété numérique, low-tech, green IT, IT4Green, accessibilité, inclusion, illectronisme, écoconception numérique, Green-UX, respect des données personnelles, éthique et numérique responsable
5/ Atelier de réflexion collective afin de définir et de catégoriser des bonnes pratiques d’écoconception et de numérique responsable
6/ Comment je fais, moi ? Guides, référentiels et bonnes pratiques d’écoconception numérique tout en prêtant attention aux effets rebonds
7/ La démarche de l’écoconception numérique : intérêt, méthode, outils de mesure et démonstration avec des cas pratiques
8/ (Atelier pratique d’1 journée) Amélioration d’un projet web fictif dès la conception UX";Entreprise délivrant des formations certifiées Qualiopi;Temesis;Comprendre le numérique responsable & la démarche d’écoconception numérique, avec ateliers pratiques;Paris;Validation de participation;1;Présentiel et distanciel;http://www.temesis.com
Formation Continue;Privée (établissement de formation, entreprise, etc.);;;;;Un atelier pour comprendre en équipe et de manière ludique les enjeux environnementaux du numérique.;Association;La Fresque Du Numérique;La Fresque Du Numérique;Toute la France;Non;0,5;Présentiel et distanciel;https://www.fresquedunumerique.org/
Formation Continue;Privée (établissement de formation, entreprise, etc.);;;;;Permettre à un gestionnaire de services numériques d’adopter des comportements numériques responsables, conformément au référentiel du Label Numérique Responsable. Cette formation permet de comprendre le référentiel de l’INR et de pouvoir s’engager, avec la formation complémentaire «?Démarche de Labellisation Numérique Responsable?» dans la démarche de labellisation LNR.;Agence de labellisation;Agence Lucie;Maitriser les enjeux et piloter une démarche Numérique Responsable avec le label NR;Paris;"En route vers la labellisation
Oui, validation des compétences :
-Comprendre les enjeux du numérique responsable et les comportements clefs à adopter pour les respecter.
-Connaître le référentiel du Label du Numérique Responsable ainsi que les enjeux de cette thématique.
-Savoir évaluer les enjeux, son niveau et ses axes d’amélioration sur le numérique responsable.

-Identifier les priorités propres à son organisation dans le cadre de sa démarche NR. Se préparer à un audit NR externe.
-Rédiger des engagements concrets, engageants, réalisables et conformes aux attentes d’un comité de labellisation.
-Être capable de préparer l’auto-évaluation d’une organisation et de mener une démarche de labellisation LNR1 ou LNR2 dans une entreprise ou organisation.";3;Présentiel et distanciel;https://docs.zohopublic.eu/folder/1ciiyda9edd3f0194450b9507cffdd32025d6
Formation Continue;Privée (établissement de formation, entreprise, etc.);;;;;"Comprendre les liens entre les GAFAM et l'impact environnemental du numérique
Comment protéger ses données personnelles tout en limitant son impact numérique
Etat des lieux du monde numérique
Paramétrage de smartphone pour réduire son empreinte énergétique
Test de solution libre et open source
Présentation des alternatives (réseaux locaux et décentralisés)
Utilisation d'outil d'audit et de test
Bonnes pratiques";Formateur indépendant;TkPx;Sobriété numérique et internet éco-responsable;La Bernardière;Non;0,5;Présentiel et distanciel;https://tkpx.eu/formations-professionnelles/
Formation Continue;Privée (établissement de formation, entreprise, etc.);;;;;"L'atelier Trivial Numérique Responsable est une solution ludique, sous forme d’un atelier, qui a fait ses preuves auprès d’organisations qui souhaitaient comme vous, intégrer leur système d’information dans leur stratégie RSE.

L’animation de l’atelier comprend : un jeu de cartes par participant, une réunion de brief pour cadrage avant livraison, 4 affiches sur les impacts du numérique, une enquête en ligne post-atelier, une affiche récapitulative finale pour valoriser l’action en interne comme en externe.";Entreprise de conseil;OM Conseil;Atelier Trivial Numérique Responsable;Versailles;Non;0,5;Présentiel et distanciel;https://www.om-conseil.fr/atelier-ludique-de-sensibilisation-au-numerique-responsable/
Formation Continue;Privée (établissement de formation, entreprise, etc.);;;;;"Au cœur des enjeux économiques, sociétaux et environnementaux, la transformation numérique bouleverse les modèles de consommation et fait naître des usages numériques aux réels impacts sociétaux et écologiques. Cette formation vous donne les clés pour amorcer une transformation numérique responsable.

Objectifs pédagogiques
À l’issue de la formation, le participant sera en mesure de :
Identifier les enjeux et les impacts environnementaux et sociétaux du numérique
Intégrer les solutions d’un numérique plus responsable
Amorcer une démarche de responsabilité numérique dans son organisation";Organisme de formation;Orsys;Amorcer une transformation numérique responsable;Puteaux-La défense;"Le formateur évalue la progression pédagogique du participant tout au long de la formation au moyen de QCM, mises en situation, travaux pratiques…
Le participant complète également un test de positionnement en amont et en aval pour valider les compétences acquises.";1;Présentiel et distanciel;https://www.orsys.fr/formation-amorcer-une-transformation-numerique-responsable.html
Formation Continue;Privée (établissement de formation, entreprise, etc.);;;;;"Formation Écoconception des services numériques
L’écoconception est un levier majeur de réduction de l'impact du numérique. Comment et quand mettre en œuvre une démarche d’écoconception ? Quels outils, quels gains ? Cette formation vous permettra d’appliquer les concepts fondamentaux de l’écoconception à vos services numériques.

Objectifs pédagogiques
À l’issue de la formation, le participant sera en mesure de :
Comprendre les enjeux du numérique responsable
Connaître les outils de mise en œuvre d'une démarche d'écoconception d’un service numérique
Évaluer les impacts environnementaux d'un service numérique
Identifier les leviers d’écoconception
Intégrer une démarche d'écoconception dans le développement d’un service numérique
Mesurer les bénéfices d’une démarche d’écoconception";Organisme de formation;Orsys;Ecoconception des services numériques;Puteaux-La défense;"Le formateur évalue la progression pédagogique du participant tout au long de la formation au moyen de QCM, mises en situation, travaux pratiques…
Le participant complète également un test de positionnement en amont et en aval pour valider les compétences acquises.";2;Présentiel et distanciel;https://www.orsys.fr/formation-ecoconception-des-services-numeriques.html
Formation Continue;Privée (établissement de formation, entreprise, etc.);;;;;"Cette formation vous permettra d'identifier les principaux leviers d'action à mettre en œuvre pour devenir éco-responsable dans la gestion IT. Vous verrez comment réduire de façon significative certaines charges financières, notamment celles correspondant à la consommation électrique.

Objectifs pédagogiques
À l’issue de la formation, le participant sera en mesure de :
Connaître les évolutions du Green IT
Analyser le cycle de vie du matériel informatique
Proposer différentes solutions pour réduire les coûts du data center
Mettre en place et suivre le projet Green IT";Organisme de formation;Orsys;Green IT, démarche et mise en œuvre;Puteaux-La défense;"Le formateur évalue la progression pédagogique du participant tout au long de la formation au moyen de QCM, mises en situation, travaux pratiques…
Le participant complète également un test de positionnement en amont et en aval pour valider les compétences acquises.";2;Présentiel et distanciel;https://www.orsys.fr/formation-green-it-demarche-mise-en-oeuvre.html
Formation Continue;Privée (établissement de formation, entreprise, etc.);;;;;"A l'issue de cette formation, vous serez en mesure d'identifier les chantiers clés pour réduire la consommation électrique d'un centre informatique et serez capable de mettre en œuvre des solutions d'amélioration favorisant la performance énergétique et environnementale.

Objectifs pédagogiques
À l’issue de la formation, le participant sera en mesure de :
Optimiser les différents projets Green IT
Réaliser l'état des lieux des performances énergétique et environnementale
Choisir les solutions IT appropriées aux besoins
Sélectionner les solutions liées à l'infrastructure";Organisme de formation;Orsys;Green Data Center, optimiser sa performance énergétique;Puteaux-La défense;"Le formateur évalue la progression pédagogique du participant tout au long de la formation au moyen de QCM, mises en situation, travaux pratiques…
Le participant complète également un test de positionnement en amont et en aval pour valider les compétences acquises.";2;Présentiel et distanciel;https://www.orsys.fr/formation-green-data-center-optimiser-votre-performance-energetique.html
Formation Continue;Privée (établissement de formation, entreprise, etc.);;;;;"L’accessibilité est la capacité d’une ressource numérique à être utilisée au travers d’applications web ou mobiles par tout individu quelles que soient ses aptitudes. Ce séminaire vous enseignera l'essentiel pour être sensibilisé au sujet de l’accessibilité numérique, afin d'améliorer sa prise en compte.

Objectifs pédagogiques
À l’issue de la formation, le participant sera en mesure de :
Appréhender les différents types de handicap
Comprendre l’accessibilité numérique, ses impacts et bénéfices
Connaître les lois et les référentiels techniques";Organisme de formation;Orsys;Sensibilisation à l'accessibilité numérique;Puteaux-La défense;"Le formateur évalue la progression pédagogique du participant tout au long de la formation au moyen de QCM, mises en situation, travaux pratiques…
Le participant complète également un test de positionnement en amont et en aval pour valider les compétences acquises.";1;Présentiel et distanciel;https://www.orsys.fr/formation-sensibilisation-a-l-accessibilite-numerique.html
Formation Continue;Privée (établissement de formation, entreprise, etc.);;;;;"Grâce aux standards d’accessibilité mis en place, tous les utilisateurs handicapés peuvent percevoir, comprendre, naviguer et interagir sur le web. Ce cours vous présentera les connaissances essentielles et les bonnes pratiques à suivre pour viser l’accessibilité à toutes les étapes d’un projet web.

Objectifs pédagogiques
À l’issue de la formation, le participant sera en mesure de :
Connaître et évaluer les critères d’accessibilité
Savoir piloter la prise en compte de l’accessibilité aux différentes étapes d’un projet web
Avoir des indicateurs de coût et de complexité
Identifier les enjeux et éléments clés pour réussir la prise en compte de l’accessibilité";Organisme de formation;Orsys;L'accessibilité numérique dans un projet;Puteaux-La défense;"Le formateur évalue la progression pédagogique du participant tout au long de la formation au moyen de QCM, mises en situation, travaux pratiques…
Le participant complète également un test de positionnement en amont et en aval pour valider les compétences acquises.";1;Présentiel et distanciel;https://www.orsys.fr/formation-accessibilite-numerique-dans-un-projet.html
Formation Continue;Privée (établissement de formation, entreprise, etc.);;;;;"L'accessibilité des sites web et des applications mobiles est une nécessité commerciale, voire une obligation réglementaire dans certains cas. Le RGAA recense les critères d’accessibilité. Ce cours pratique présente le déroulement des audits RGAA pour les sites web ou pour les applications mobiles.

Objectifs pédagogiques
À l’issue de la formation, le participant sera en mesure de :
Connaître les principaux référentiels d’accessibilité d’un site web ainsi que leurs relations
Être capable de retrouver et d'expliquer les critères d'accessibilité du RGAA
Être capable de retrouver et d'expliquer les critères d'accessibilité du RGAA-APPS
Savoir trouver les outils de validation des critères d'accessibilité d'un site web ou d’une application mobile
Savoir conduire l'audit RGAA d'un site web ou d’une application mobile et le restituer";Organisme de formation;Orsys;RGAA, auditer l'accessibilité d'un site web ou d'une application mobile;Puteaux-La défense;"Le formateur évalue la progression pédagogique du participant tout au long de la formation au moyen de QCM, mises en situation, travaux pratiques…
Le participant complète également un test de positionnement en amont et en aval pour valider les compétences acquises.";5;Présentiel et distanciel;https://www.orsys.fr/formation-rgaa-audit-accessibilite-site-web-ou-application-mobile.html
Formation Continue;Privée (établissement de formation, entreprise, etc.);;;;;"- Impacts des TIC (Technologie Informatique Communication) sur l’environnement
- Définition du Green IT et de ses principaux indicateurs
- Les différents périmètres du numérique responsable";Ecole d'Ingénieurs;ESAIP;Comprendre les enjeux du numérique responsable;Saint-Barthélemy d'Anjou;OUI // Crédits ECTS ?;2;Présentiel et distanciel;www.esaip.org
Formation initiale;Privée (établissement de formation, entreprise, etc.);;;;;"Comprendre l’écoconception logicielle (définition, périmètre, limites, etc.)
Maîtriser les principes généraux d’écoconception des logiciels :- Architecture- Dimension sociale et environnementale
Les Green Patterns";Ecole d'Ingénieurs;ESAIP;L’éco-conception logicielle;Saint-Barthélemy d'Anjou;OUI // crédits ECTS;3;Présentiel et distanciel;www.esaip.org
Formation initiale;Privée (établissement de formation, entreprise, etc.);;;;;"Outils d’analyse d’un parc informatique
Mis en place d’une politique de gestion de l’énergie d’un réseau informatique
Optimisation des infrastructures (Cloud, Virtualisation, …)
...";Ecole d'Ingénieurs;ESAIP;Systèmes et Réseaux Eco-Responsables;Saint-Barthélemy d'Anjou;OUI // Crédits ECTS;3;Présentiel et distanciel;www.esaip.org
Formation Continue;Privée (établissement de formation, entreprise, etc.);;;;;"- Comprendre les enjeux de l’accessibilité numérique
- Comprendre les usages et besoins des personnes en situation de handicap
- Identifier les éléments clés pour la bonne prise en compte de l'accessibilité numérique et du RGAA";Entreprise de conseil et organisme de formation;Ideance;Découvrir l’accessibilité numérique;Rouen;Non;0,5;Présentiel et distanciel;https://ideance.net/fr/formation-accessibilite/
Formation Continue;Privée (établissement de formation, entreprise, etc.);;;;;"- Savoir piloter la prise en compte de l’accessibilité et du RGAA dans un projet
- Avoir des indicateurs et des ordres de grandeur de coût / complexité
- Identifier les enjeux et les éléments clés pour réussir la prise en compte de l’accessibilité numérique";Entreprise de conseil et organisme de formation;Ideance;Piloter la prise en compte de l’accessibilité;Rouen;Non;0,5;Présentiel et distanciel;https://ideance.net/fr/formation-accessibilite/
Formation Continue;Privée (établissement de formation, entreprise, etc.);;;;;"- Savoir prendre en compte l’accessibilité et respecter le RGAA dans la conception fonctionnelle et graphique de sites ou d’applications web et mobiles
- Connaître les règles et bonnes pratiques d’accessibilité qui touchent l’UX (User Experience) et l’UI (User Interface)";Entreprise de conseil et organisme de formation;Ideance;Concevoir des interfaces accessibles;Rouen;Non;1;Présentiel et distanciel;https://ideance.net/fr/formation-accessibilite/
Formation Continue;Privée (établissement de formation, entreprise, etc.);;;;;"- Savoir prendre en compte l’accessibilité et respecter le RGAA dans la rédaction et publication de contenus (web et réseaux sociaux)
- Connaître les règles d’accessibilité numérique pour les contenus web (textes, liens, images, vidéos, etc.)";Entreprise de conseil et organisme de formation;Ideance;Rédiger et publier des contenus accessibles;Rouen;Non;1;Présentiel et distanciel;https://ideance.net/fr/formation-accessibilite/
Formation Continue;Privée (établissement de formation, entreprise, etc.);;;;;"- Savoir prendre en compte l’accessibilité et respecter le RGAA lors du développement technique d’un projet web
- Connaître les règles d’accessibilité web (HTML, CSS, JavaScript)
- Savoir évaluer l’accessibilité de ses développements web";Entreprise de conseil et organisme de formation;Ideance;Développer des sites et applications web accessibles;Rouen;Non;3;Présentiel et distanciel;https://ideance.net/fr/formation-accessibilite/
Formation Continue;Privée (établissement de formation, entreprise, etc.);;;;;"- Savoir prendre en compte l’accessibilité lors du développement d’applications mobiles
- Connaître les règles d’accessibilité mobile (iOS et Android)
- Savoir évaluer l’accessibilité de ses applications mobiles";Entreprise de conseil et organisme de formation;Ideance;Développer des applications mobiles accessibles;Rouen;Non;2;Présentiel et distanciel;https://ideance.net/fr/formation-accessibilite/
Formation Continue;Privée (établissement de formation, entreprise, etc.);;;;;"Objectifs de la formation certifiée Qualiopi :
- Avoir la théorie et la pratique des sujets Numérique responsable et Écoconception numérique
- Comprendre les impacts du numérique inscrits dans des enjeux globaux
- Maîtriser les différences de concepts et de valeurs présents dans le Numérique responsable
- Aborder la démarche d’écoconception numérique de façon simple et outillée
- Agir, en créant le réflexe de sobriété numérique au sein des futurs projets numériques
- Réfléchir concrètement à l’écoconception d’un service numérique en minimisant son impact environnemental via un exercice d’optimisation (atelier participatif d'1 journée)";Entreprise de conseil et organisme de formation;Temesis;Comprendre le numérique responsable & la démarche d’écoconception numérique;Paris;"- Évaluation des acquis au cours de la formation sous forme de quiz ludo-interactif
- Questionnaire d’évaluation en fin de session dans lequel le participant évalue les apports de la formation et sa capacité à les mettre en œuvre";2;Présentiel et distanciel;https://temesis.hop3team.com/formations/formation-complete-comprendre-le-numerique-responsable-la-demarche-d-ecoconception-numer
Formation initiale;Publique  (université, école d'ingénieur, etc.);Université de Pau et des Pays de l'Adour;IUT De Bayonne / Dépt. Informatique;BUT (Bac+3);Un ou plusieurs modules / unités d'enseignement;BUT 2 - 1 Séance de cours de sensibilisation à la conso du numérique (1h);Enseignement supérieur;;;Anglet;;1;Présentiel;
Formation initiale;Publique  (université, école d'ingénieur, etc.);Université de Pau et des Pays de l'Adour;IUT De Bayonne / Dépt. Informatique;BUT (Bac+3);Un ou plusieurs modules / unités d'enseignement;BUT 3/LP - Séance de cours sur sensibilisation, présentation de bonnes pratiques + travail collectif (exposés) thématiques sur des points spécifiques en lien avec l'écoconception, la conso, des règles de bonnes pratiques, etc. (15h);Enseignement supérieur;;;Anglet;;2;Présentiel;
Formation initiale;Publique  (université, école d'ingénieur, etc.);Université de Pau et des Pays de l'Adour;Master informatique, parcours SIGLIS;Master (Bac+5);Un ou plusieurs modules / unités d'enseignement;"L'objectif du cours ""Green IT"" est d'introduire la définition du Green IT et du développement durable en informatique, et de comprendre les principaux concepts en lien avec la mesure de l'énergie dans les systèmes informatiques, l'éco-conception de logiciels durables, et les défis énergétiques dans le cloud computing et les centres de données.";Enseignement supérieur;Université de Pau et des Pays de l'Adour;Green It;Anglet;Crédits ECTS 2.0;2;Présentiel;https://formation.univ-pau.fr/fr/catalogue/sciences-technologies-sante-STS/master-14/master-informatique-79_1/m1-m2-parcours-systemes-informatiques-pour-le-genie-de-la-logistique-industrielle-et-des-services-siglis-126_1/amelioration-continue-K1C9B5WX/green-it-K1C9DJJS.html
Formation initiale;Publique  (université, école d'ingénieur, etc.);Université de Bordeaux;UF Informatique;Licence (Bac+3);Un ou plusieurs modules / unités d'enseignement;L1 : fresque du climat + petit projet autour du développement durable en lien avec le numérique;Enseignement supérieur;Université de Bordeaux;;Bordeaux;;0,5;présentiel;
Formation initiale;Publique  (université, école d'ingénieur, etc.);Université de Bordeaux;UF Informatique;Licence (Bac+3);Un ou plusieurs modules / unités d'enseignement;"L3 : 20h de Cours, Ateliers et projets sur les thématiques :
urgence climatique, place du numérique, impacts directs, indirects, santé, eco-geste, eco-conception";Enseignement supérieur;Université de Bordeaux;;Bordeaux;;3;présentiel;
Formation initiale;Publique  (université, école d'ingénieur, etc.);Université de Bordeaux;UF Informatique;Autre;Une intervention isolée (séminaire ou séance de cours);- Cours de 6h à l'école doctorale math-info : urgence climatique, place du numérique, impacts directs, indirects, santé, ecogeste, eco-conception;Enseignement supérieur;Université de Bordeaux;;Bordeaux;;1;présentiel;
Formation initiale;Publique  (université, école d'ingénieur, etc.);Université de Bordeaux;UF Informatique;Autre;Une intervention isolée (séminaire ou séance de cours);- Séminaire d'une heure sur une vue générale de l'impact du numérique dans l'EUR Numerics (Master-Doctorat);Enseignement supérieur;Université de Bordeaux;;Bordeaux;;0,5;présentiel;
Formation initiale;Publique  (université, école d'ingénieur, etc.);Université de Lille;Polytech Lille;Ecole d'ingénieur (Bac+5);Un ou plusieurs modules / unités d'enseignement;UE Informatique et développement durable : 2 h de cours + 2x2 h de TD;Enseignement supérieur;Polytech Lille;"
Informatique et développement durable

";Lille;;1;présentiel;https://www.polytech-lille.fr/formation/8-specialites/informatique-et-statistique/
Formation initiale;Publique  (université, école d'ingénieur, etc.);La Rochelle Université;IUT de la Rochelle / DUT Informatique;BUT (Bac+3);Un ou plusieurs modules / unités d'enseignement;Approche de la démarche d'éco-conception des services numériques (impact du numérique, bonnes pratiques, mesure de performance, ...);Enseignement supérieur;La Rochelle Université;DUT Informatique - parcours Environnement Connecté Intelligent;La Rochelle;;;présentiel;
Formation initiale;Publique  (université, école d'ingénieur, etc.);Institut Mines Télécom - Télécom SudParis;Informatique;Ecole d'ingénieur (Bac+5);Un ou plusieurs modules / unités d'enseignement;"Module (en construction) destiné aux élèves ingénieur (niveau M1)
Titre : Numérique et consommation énergétique : agir du processeur au logiciel
L’objectif du module est de fournir aux futurs ingénieurs des méthodes qui leur permettent d’intégrer l’aspect consommation électrique d’un système informatique dès la conception de ces systèmes. Afin d’acquérir cette compétence, nous proposons des cours et des Tps qui permettent de prendre en main
- des instruments de mesure de la consommation énergétique sur différents équipements informatiques
- de modéliser la consommation énergétique de systèmes plus complexes";Enseignement supérieur;IMT - Telecom Sud Paris;Numérique et consommation énergétique : agir du processeur au logiciel;Évry;;;Présentiel;https://www-inf.telecom-sudparis.eu/COURS/CSC4535/numenv/?page=numenv
Formation initiale;Publique  (université, école d'ingénieur, etc.);La Rochelle Université;Formation Numérique responsable;Autre;"Présenter de façon globale et cohérente les nuisances générées par les équipements informatiques et ce, durant l’ensemble de la durée de vie de chaque équipement : aux différents stades de fabrication, d’utilisation (consommation d’énergie) et de fin de vie (gestion/récupération des déchets, pollution, épuisement des ressources non renouvelables)
Proposer une méthodologie et des outils pour une mise en pratique du numérique responsable
Permettre aux stagiaires de valider un certificat de connaissances « Numérique responsable » créée par le formateur et l’Institut du Numérique responsable";"Le concept de numérique responsable vise à réduire l’empreinte écologique et sociale des Technologies de l’Information et de la Communication.
L’objectif de cette formation est d’initier au concept de numérique responsable. Il s’agit de :
Présenter de façon globale et cohérente les nuisances générées par les équipements informatiques et ce, durant l’ensemble de la durée de vie de chaque équipement : aux différents stades de fabrication, d’utilisation (consommation d’énergie) et de fin de vie (gestion/récupération des déchets, pollution, épuisement des ressources non renouvelables)
Proposer une méthodologie et des outils pour une mise en pratique du numérique responsable
Permettre aux stagiaires de valider un certificat de connaissances « Numérique responsable » créée par le formateur et l’Institut du Numérique responsable";Enseignement supérieur;Université de La Rochelle;Le numérique responsable;La Rochelle;;2;Présentiel et distanciel;https://formations.univ-larochelle.fr/formation-numerique-responsable
Formation initiale;Publique  (université, école d'ingénieur, etc.);IMT Mines Albi;GSI / ETN;Ecole d'ingénieur (Bac+5);Un ou plusieurs modules / unités d'enseignement;"Module autour du numérique responsable :
- acculturation sur le sujet
- sensibilisation aux impacts environnementaux du numérique
- sensibilisation + atelier écoconception
- sensibilisation + atelier accessibilité
- sensibilisation cybersécurité";Enseignement supérieur;IMT Mines Albi;;Albi;;;Présentiel;
Formation initiale;Publique  (université, école d'ingénieur, etc.);Université Capitole 1, Toulouse;2IS;Master (Bac+5);Un ou plusieurs modules / unités d'enseignement;"Module autour du numérique responsable (en anglais) :
- acculturation sur le sujet
- sensibilisation aux impacts environnementaux du numérique
- sensibilisation + atelier écoconception
- sensibilisation + atelier accessibilité
- sensibilisation cybersécurité";Enseignement supérieur;Université Toulouse 1 Capitole;;Toulouse;;;Présentiel;https://miage.ut-capitole.fr/master-2is-innovative-information-systems--611942.kjsp
Formation initiale;Publique  (université, école d'ingénieur, etc.);Université Paul Valéry, Montpellier;MIASHS;Master (Bac+5);Un ou plusieurs modules / unités d'enseignement;Sensibilisation au numérique responsable avec un focus sur l'écoconception et l'accessibilité, cours et ateliers.;Enseignement supérieur;Université Paul Valéry, Montpellier;;Montpellier;;;Présentiel;https://ufr6.www.univ-montp3.fr/fr/formation/masters/master_miashs
Formation initiale;Publique  (université, école d'ingénieur, etc.);IMT Alès;2IA;Ecole d'ingénieur (Bac+5);Une intervention isolée (séminaire ou séance de cours);Sensibilisation au numérique responsable et à l'écoconception.;Enseignement supérieur;IMT Mines Alès;;Ales;;;Présentiel;https://www.imt-mines-ales.fr/formations/domaines-dexcellence/informatique-et-intelligence-artificielle
Formation initiale;Publique  (université, école d'ingénieur, etc.);Mines Saint-Etienne;Management Responsable et Innovation / Cycle ICM + ISMIN;Ecole d'ingénieur (Bac+5);Un ou plusieurs modules / unités d'enseignement;"Objectifs du cours ""Green IT"" intégré au Tronc Commun Climat, Environnement, Développement Durable :
- Replacer l’homme au cœur des réflexions sur le phénomène de transition numérique
- Définir ce qu’est la transition numérique et en dresser un tableau chiffré
- Comprendre comment les organisations peuvent s’approprier ce thème : invitation à une conception « green » du SI dans une démarche RSE
- Appréhender les approches d'éco-conception (web et du SI).

Fresque du numérique réalisée sur l'ensemble des étudiants en 2A de cycle d'ingénieurs du parcours ISMIN et sur une trentaine d'étudiants du cycle ICM";Enseignement supérieur;Mines Saint-Etienne;;Saint-Étienne;;;Présentiel;
Formation initiale;Publique  (université, école d'ingénieur, etc.);Chaire Impact Positif Audencia / Plateforme RSE de la métropole nantaise;-;Autre;Une intervention isolée (séminaire ou séance de cours);"Pour sensibiliser les entreprises à ces différents enjeux, 10 réseaux nantais se sont impliqués et ont co-construit un module d’accompagnement de deux heures sur la thématique : #NumériqueTraining.

Le contenu s’articule autour de trois grands sujets :
Numérique durable et soutenable
Numérique inclusif
Numérique éthique";Enseignement Supérieur;Audencia;#NumériqueTraining;Nantes;;0,5;Distanciel;https://rse.metropole.nantes.fr/agir/boite-a-outils-rse-nantes/se-former-au-numerique-responsable/
Formation initiale;Publique  (université, école d'ingénieur, etc.);IMT Atlantique;LUSSI;Ecole d'ingénieur (Bac+5);Un ou plusieurs modules / unités d'enseignement;"UE Face cachée du numérique : impacts environnementaux, sociaux et sociétaux de l'essor des nouvelles technologies (60H dont 40H encadrées)

Présentation de l’UE :

A l’heure où la réduction de notre empreinte écologique est perçue comme une nécessité, on ne peut ignorer l’impact environnemental du développement des technologiques numériques. Dans un rapport de l’ADEME (Agence de l'Environnement et de la Maîtrise de l'Énergie) publié en 2019, ce secteur est décrit comme « responsable de 4 % des émissions mondiales de gaz à effet de serre et la forte augmentation des usages laisse présager un doublement de cette empreinte carbone d'ici 2025 » (« La face cachée du numérique », ADEME). Outre son impact en termes de consommation énergétique, la place du numérique, toujours plus grande dans nos sociétés, a aussi de nombreux impacts sociaux et sociétaux et soulève des questions éthiques, qu’un ingénieur, acteur de la transition numérique, ne peut pas ignorer.

L’objectif de cette UE est de fournir aux élèves :
- les clés pour appréhender les enjeux environnementaux, sociaux et sociétaux de la transformation numérique des entreprises et de la société
- une boîte à outils qui leur permettra de contribuer à une transformation numérique responsable

Organisation de l'UE :
- Un état des lieux synthétique et exhaustif des impacts du numérique : réalisé à partir d’un atelier pour comprendre en équipe et de manière ludique les enjeux environnementaux, sociaux et sociétaux du numérique (Fresque du numérique).
- Des focus sur une série de thèmes : numérique et environnement, éthique du numérique, numérique et géopolitique, numérique responsable, numérique et travail
Les élèves se familiariseront avec les notions d'économie circulaire, d'éco-conception, d'analyse du cycle de vie, de métaux rares, de numérique responsable, de digital labor, etc. Ils assisteront à des cours et conférences et débattront afin de creuser chacun de ces thèmes et d'appréhender des éléments de solutions. La notion d'analyse de cycle de vie sera notamment abordée via la réalisation d'une ACV simplifiée.
- Une séance d'échanges avec des alumnis";Enseignement Supérieur;IMT Atlantique; Face cachée du numérique : impacts environnementaux, sociaux et sociétaux de l'essor des nouvelles technologies;Nantes;;8;Présentiel;https://moodle.imt-atlantique.fr/course/view.php?id=1429
Formation Continue;Privée (établissement de formation, entreprise, etc.);;;;"Comprendre les concepts fondamentaux et la démarche de l’éco-conception de services numériques.
Intégrer les étapes clés et les outils.
Mettre en œuvre les bonnes pratiques de l’éco-conception appliquée aux sites Web et autres services numériques.";"DEFINITIONS?
L’éco–conception?: un axe du numérique responsable
L’éco–conception de services numériques
L’éco–conception et l’accessibilité


DEMARCHE ET OUTILS?
Les étapes clés de la démarche
Les outils d’évaluation d’impact et de bonnes pratiques
Enjeux et bénéfices


ATELIER PRATIQUE
Analyse de parcours utilisateur et de l’impact environnemental d’un site
Identification des principaux leviers d’action
Exemples d’amélioration


CHECK-LIST DES BONNES PRATIQUES";Professionnel;Agence Lucie;Introduction à l’éco-conception de services numériques;Paris;;1;Distanciel;https://agence-lucie.com/formation/introduction-eco-conception-services-numeriques/
Formation Continue;Privée (établissement de formation, entreprise, etc.);;;;"S'approprier la démarche d'écoconception de service numérique au travers de l'écoconception d'un site web et savoir la situer par rapport aux démarches plus larges de conception responsable de service numérique et de Green IT
Maîtriser les concepts fondamentaux de l'écoconception et savoir les appliquer dans le domaine du numérique et notamment aux services numériques
Maîtriser la méthodologie et les outils permettant d'éco-concevoir un service numérique
Savoir évaluer la performance et la maturité environnementale d'un service numérique";"Jour 1 - Apports théoriques

Etat de l’art écoconception de services numériques

Du développement durable à l'écoconception des services numériques
Identifier les enjeux du développement durable appliqué au numérique
Evaluer le potentiel de l'écoconception pour réduire l’empreinte écologique associée
Découvrir les principes fondamentaux de l'écoconception des équipements
L'écoconception des services numériques
Appréhender l’écoconception des services numériques (définition, périmètre, limites, etc.)
Maîtriser les principes généraux d’écoconception des services numériques
Retours d’expérience

Les outils

La démarche projet
Les référentiels de bonnes pratiques
Les outils d’évaluation
Les bonnes pratiques prioritaires : survol de l’ensemble des bonnes pratiques adaptées à chaque étape du cycle de vie puis étude de chacune d’elle (quelques dizaines en détail)
Expression du besoin
Conception graphique et technique
Développement / programmation
Déploiement / mise en production
Fin de vie

Jour 2 - Mise en pratique

Atelier analyse
L’intervenant et les participants sélectionnent un service numérique à étudier. Le formateur déroule le projet en accéléré pour aider les participants à concrétiser la démarche, à comprendre l’enchaînement des étapes, et à utiliser les outils

Analyse en groupe
Les participants réalisent seuls à l'écoconception d’un service numérique de leur choix

Jour 3 - Restitutions et certification

Restitution
Les participants restituent le résultat de leurs analyses au formateur qui joue le rôle de client.
L’intervenant identifie les points acquis et ceux sur lesquels il faut encore progresser.
";Professionnel;Octo Academy;(Éco)conception responsable de service numérique;Paris;Certificat de connaissance GreenIT;3;Présentiel;https://www.octo.academy/formations/formation/151/ecoconception-responsable-de-service-numerique/1465/
Formation initiale;Publique  (université, école d'ingénieur, etc.);;;;;"Impact de l'informatique sur l'environnement
Fabrication
Utilisation
Destruction/Recyclage
L'informatique au service de l'environnement
Un monde toujours plus connecté ...
Etat des lieux
Perspectives
... et des ressources finies
Etat des lieux
Perspectives
Nos moyens d'action
Règles citoyennes de bonne conduite
Evolution de la legislation (EU)
Perspectives académiques, de la recherche à l'enseignement";Académique;Ecoles des Mines de Nantes;GreenIT : A practical study from IoT to the Cloud;Nantes;;5;Présentiel;http://greenit.menaud.fr/
Formation Continue;Privée (établissement de formation, entreprise, etc.);;;;"Maîtriser la démarche et la méthodologie d’écoconception logicielle
Savoir identifier les bonnes pratiques à mettre en œuvre
Savoir mesurer la performance environnementale d’un logiciel / site web";"État de l’art écoconception de services numériques
Du développement durable à l'écoconception des logiciels

Comprendre les enjeux du développement durable appliqué aux TIC
Evaluer le potentiel de l'écoconception des TIC pour réduire l’empreinte écologique associée
Découvrir les principes fondamentaux de l'écoconception des équipements

L'écoconception des logiciels

Comprendre l’écoconception logicielle (définition, périmètre, limites, etc.)
Maîtriser les principes généraux d’écoconception des logiciels:
- Architecture
- Dimension sociale
- Dimension environnementale

Retours d’expérience

Les outils
Cette partie illustre la démarche en présentant les outils et méthodologies adaptés aux services en ligne.

La démarche projet

Les référentiels de bonnes pratiques

Les outils d’évaluation

Les bonnes pratiques prioritaires

Survol de l’ensemble des bonnes pratiques adaptées à chaque étape du cycle de vie puis étude de chacune d’elle (quelques dizaines en détail):
- Expression du besoin
- Conception graphique et technique
- Développement / programmation
- Déploiement / mise en production
- Fin de vie

Atelier analyse

Le pédagogue et les participants sélectionnent un service numérique à étudier. Le formateur déroule le projet en accéléré pour aider les participants à concrétiser la démarche, à comprendre l’enchaînement des étapes, et à utiliser les outils.

Atelier analyse

Les participants poursuivent l’analyse du service numérique sur la première partie de la matinée. Le formateur les aide à réaliser cette analyse.

Restitution
Les participants restituent le résultat de leurs analyses au formateur qui joue le rôle de client. Le formateur identifie les points acquis et ceux sur lesquels il faut encore progresser.";Professionnel;PLB Consultant;Formation Éco-Conception de Services Numériques;"Levallois-Perret
";"Certification ""Eco Conception Web""
Il se présente sous la forme d'un QCM de 60 questions auxquelles il vous faudra répondre en 60 minutes. Il vous faut un score de 65% afin d'obtenir votre certification.";3;Présentiel et distanciel;https://www.plb.fr/formation/oracle/formation-eco-conception-logiciels,5-700598.php
Formation Continue;Privée (établissement de formation, entreprise, etc.);;;;"Expliquer l’éco-conception et la pensée cycle de vie
Identifier les enjeux pour l’entreprise : réglementaire, stratégique, économique
Réaliser une ACV simplifiée et exploiter ses résultats
Définir les étapes pour mettre en place une démarche d’éco-conception selon la norme CEN TS 16524 / NF E 01 005 (méthodologie d’éco-conception pour les produits de la mécanique)
Expliquer le lien entre la démarche d’éco-conception et les exigences du référentiel ISO 14001:2015 relatives à la perspective cycle de vie du produit";"Module 1 – Ecoconception et pensée cycle de vie : comprendre l’éco-conception
Principes et notions fondamentales de l’éco-conception
Module 2 – Réglementations et normes applicables à l’éco-conception : appréhender le cadre réglementaire et normatif de l’éco-conception
Réglementations
Panorama des réglementations applicables
Zoom sur certaines réglementations : Reach, RoHS, Directive ErP (Ecodesign), filières REP (DEEE, VHU)
Normes
Panorama des normes applicables
Module 3 – Enjeux stratégiques et de marché : comprendre les intérêts d’une démarche d’éco-conception pour son entreprise
Enjeux stratégiques
Image
Communication : normes et référentiels pour l'affichage environnemental produit
Enjeux de marché
Enjeux économiques
Module 4 – Méthodes et outils de l'éco-conception : appréhender les approches possibles, et comprendre les principes de l'ACV
Panorama des outils
Zoom sur l'évaluation environnementale par l’analyse du cycle de vie (ACV)
Principes
Cadre méthodologique
Logiciels et bases de données de modélisation
Illustration par une ACV simplifiée sur une étude de cas avec Ecodesign Studio
Module 5 – Réalisation d'une démarche d'éco-conception : mise en œuvre dans le processus de développement produit de son entreprise
Principes et structure générale de la démarche suivant la norme CEN TS 16524 / NF E 01 005
Réalisation d'une analyse stratégique du produit
Analyse environnementale : établir le profil d'un produit de référence
Identification et priorisation des pistes d’amélioration
Mise en place d'indicateurs et suivi de l'amélioration environnementale
Bilan et communication des résultats obtenus
Illustration de chaque étape par une étude de cas à l'aide du logiciel Ecodesign Studio
Module 6 – Intégration de la démarche d'éco-conception dans son système de management environnemental : faire le lien avec les exigences sur la perspective cycle de vie du produit du référentiel ISO 14001:2015
Structure de l'approche et principe d'amélioration continue
Les exigences sur la perspective cycle de vie du produit du référentiel ISO 14001:2015
Déclinaison de ses exigences environnementales vis-à-vis des parties intéressées externes";Organisme de formation;CETIM;Comprendre et mettre en place une démarche éco-conception;Saint-Étienne;;2;Distanciel;https://www.cetim.fr/formation/formation/Conception/Eco-conception/comprendre-et-mettre-en-place-une-demarche-eco-conception-g10
Formation Continue;Privée (établissement de formation, entreprise, etc.);;;;"Expliquer l’éco-conception et la pensée cycle de vie ,
Identifier les enjeux pour l’entreprise : réglementaire, stratégique, économique ,
Réaliser une ACV simplifiée et exploiter ses résultats ,
Mettre en place une démarche d’éco-conception étape par étape selon la norme CEN TS 16524 / NF E 01 005 ,
Faire le lien entre la démarche d’éco-conception et les exigences du référentiel ISO 14001:2015.";"Module 1 : Ecoconception et pensée cycle de vie
Principes et notions fondamentales de l’éco-conception
Module 2 :Réglementations et normes applicables à l’éco-conception
Panorama des réglementations
Zoom sur certaines réglementations : Reach, RoHS, Directive ErP (Ecodesign), filières REP (DEEE, VHU)
Panorama des normes
Module 3 : Enjeux stratégiques et de marché
Enjeux et intérêts d’une démarche d’éco-conception pour son entreprise
Référentiels de communication de la performance environnementale de ses produits
Module 4 : Méthodes et outils de l'éco-conception
Panorama des outils
Zoom sur l'évaluation environnementale par l’analyse du cycle de vie (ACV)
Illustration par une ACV simplifiée sur une étude de cas avec le logiciel Ecodesign Studio
Module 5 : Réalisation d'une démarche d'éco-conception
Mise en œuvre étape par étape de la démarche suivant la norme CEN TS 16524 / NF E 01 005
Mise en pratique sur une étude de cas avec le logiciel Ecodesign Studio
Module 6 : Intégration de la démarche d'éco-conception dans son système de management environnemental
Structure de l'approche et principe d'amélioration continue
Lien entre la démarche et les exigences sur la perspective cycle de vie du référentiel ISO 14001:2015
Déclinaison de ses exigences environnementales vis-à-vis des parties intéressées externes";Organisme de formation;CETIM;Innover sur vos produits : comprendre et mettre en place une démarche éco-conception;Mulhouse;;2;Distanciel;https://www.cetim.fr/formation/formation/Conception/Eco-conception/innover-sur-vos-produits-comprendre-et-mettre-en-place-une-demarche-eco-conception-w-g10
Formation Continue;Privée (établissement de formation, entreprise, etc.);;;;"Objectifs pédagogiques
Réaliser et interpréter une ACV.
Utiliser les fonctions principales de l'outil SimaPro.
Comprendre les connexions entre l'ACV et l'éco-conception des produits";"Principes de l'Analyse du cycle de vie (ACV)
Contexte normatif et réglementaire (normes ISO 14040/44).
Présentation des étapes de l'ACV.
Présentation des différentes bases de données.
Présentation des différentes méthodes de calcul.
Rappel des règles de la communication environnementale sur la base d'une ACV.
Présentation du logiciel SimaPro et mise en application pratique
Présentation du domaine d'application et des fonctions principales.
Étude de cas sur un exemple industriel incluant :
la collecte de données ,
la modélisation du cycle de vie d'un produit ,
le choix des méthodes de calcul ,
l'interprétation des résultats ,
le lien avec l'éco-conception (amélioration de produit d'un point de vue environnemental).";Organisme de formation;CETIM;Savoir réaliser une Analyse du cycle de vie (ACV) d'un produit;Paris;;2;Présentiel et distanciel;https://www.cetim.fr/formation/formation/Industrie-du-Futur/Eco-conception/savoir-realiser-une-analyse-du-cycle-de-vie-acv-d-un-produit-g11
Formation initiale;Publique  (université, école d'ingénieur, etc.);ESIEE[IT];;;"Au terme de cette formation, tout participant saura :

Quelles sont les grandes tendances en matière de numérique responsable
Proposer des solutions pour réduire les coûts
Mettre en place un projet Green IT";"Module 1. Green IT : Contexte et enjeux
L’augmentation de la consommation énergétique
Les premières initiatives dans le domaine du recyclage
Définition du Green IT
Effet de mode, effet marketing ou effet durable ?
Un enjeu majeur pour tous
Module 2. Le Green IT, du projet à la mise en œuvre
Six grandes étapes fondamentales
Initialisation de la stratégie Green IT dans l’entreprise
Analyse et audit de l’existant
Pondération des indicateurs de suivi en fonction de l’entreprise
Intégration des résultats sur une échelle de maturité
Orientation stratégique et urbanisation du système d’information
Mise en œuvre des préconisations et accompagnement au changement
Exemple de check-list (Informatique et bureautique, Data-centers, Cycle de vie du matériel, Télécommunications)
De l’origine du poste de travail aux technologies actuelles
La notion de clients légers
L’extinction du poste de travail
Les applications informatiques naturellement écolophobes
Module 3. L’achat responsable
L’éco-conception, initiatrice de l’achat responsable
Les principaux éco-labels
L’utilisation des éco-labels au quotidien
Module 4. Bien gérer les impressions
Constats et impacts de nos habitudes d’impression
Maîtriser ses impressions
Module 5. Le parc informatique dans son ensemble
De l’origine du poste de travail aux technologies actuelles
La notion de clients légers
L’extinction du poste de travail
Les applications informatiques naturellement écolophobes
Module 6. Évoluer vers des datacenters verts
Plongée au cœur des datacenters
Le calculateur Dell
Les datacenters green
Module 7. Gérer la fin de vie du matériel
Pourquoi recycler ?
Réglementation
Recyclage et réutilisation au quotidien
Module 8. La démarche dans l’entreprise et les administrations
La gouvernance de l’entreprise à l’heure du Green IT
Les collectivités comme moteurs du changement
""";Académique;ESIEE[IT];ESIEE (CCI Paris);Pontoise;QCM - Certificat ESIEE-IT;2;Distanciel;https://www.esiee-it.fr/fr/formation-continue-green-it-le-numerique-responsable-grit0
Formation Continue;Privée (établissement de formation, entreprise, etc.);TEMESIS;;;"Comprendre les enjeux du numérique responsable et de l’écoconception numérique, inscrits dans des enjeux globaux ,
Maîtriser les différences de concepts et de valeurs présents dans le Numérique responsable ,
Aborder la démarche d’écoconception numérique de façon simple et outillée ,
Agir, en créant le réflexe de sobriété numérique au sein des futurs projets.";"Cette formation permet de comprendre les enjeux actuels ainsi que l’impact social et environnemental du numérique. Elle aborde ensuite les moyens de déploiement d’une démarche de Numérique responsable. Le programme détaillé est le suivant :

Le contexte actuel, les enjeux environnementaux et sociaux
L’impact global du numérique : Analyse du cycle de vie (ACV) du numérique et d’un projet de service numérique
L’impact de la fabrication matérielle, de nos usages quotidiens du numérique et de la fin de vie
Place à la sobriété et à la responsabilité : définition des concepts de sobriété numérique, low-tech, green IT, IT4Green, accessibilité, inclusion, illectronisme, écoconception numérique, Green-UX, respect des données personnelles, éthique
QUIZ ludo-interactif sur les points incontournables
Comment je fais, moi ? Guides, référentiels et bonnes pratiques d’écoconception numérique tout en prêtant attention aux effets rebonds
La démarche de l’écoconception numérique : intérêt, méthode, outils de mesure et démonstration avec des cas pratiques";Entreprise certification Qualiopi;TEMESIS;Sensibilisation au numérique responsable et à l’écoconception;Paris;;0,5;Présentiel et distanciel;https://www.temesis.com/expertises/ecoconception/formation/sensibilisation-numerique-responsable/
Formation Continue;Privée (établissement de formation, entreprise, etc.);TEMESIS;;;"Réfléchir collectivement à la mise en place de bonnes pratiques en terme de conception et d’usage du numérique
Percevoir les enjeux et les niveaux d’impact de chaque bonne pratique selon les perceptions et les acquis de chaque apprenant et apprenante
Démontrer et prendre conscience que des solutions simples à complexes, en terme d’usages et de développements, sont facilement identifiables et réalisables
Profiter du partage collectif au sein d’un atelier de réflexion collaborative
Déployer des bonnes pratiques de numérique éco-responsable en organisation, s’appliquer ces bonnes pratiques";"Sous forme d’atelier d’idéation, cet exercice d’intelligence collective permet de prendre conscience des moyens d’actions, de leur portée et de leur degré de difficulté. Le programme détaillé est le suivant :

Qu’est-ce qu’une bonne pratique d’écoconception responsable ? Exemples.
Recherche et rédaction collective de bonnes pratiques
Organisation de ces bonnes pratiques selon leur catégorie, leur impact et leur difficulté de mise en œuvre";Entreprise;TEMESIS;Atelier de bonnes pratiques d’écoconception et de numérique responsable;Paris;;0,5;Présentiel et distanciel;https://www.temesis.com/expertises/ecoconception/formation/atelier-ecoconception-numerique-responsable/
Formation Continue;Privée (établissement de formation, entreprise, etc.);TEMESIS;;;"Avoir la théorie et la pratique des sujets Numérique responsable et Écoconception numérique
Comprendre les impacts du numérique inscrits dans des enjeux globaux
Maîtriser les différences de concepts et de valeurs présents dans le numérique responsable
Aborder la démarche d’écoconception numérique de façon simple et outillée
Agir, en créant le réflexe de sobriété numérique au sein des futurs projets numériques";"Le programme détaillé est le suivant :

Le contexte actuel, les enjeux environnementaux et sociaux
L’impact global du numérique : Analyse du cycle de vie (ACV) du numérique et d’un projet de service numérique
L’impact de la fabrication matérielle, de nos usages quotidiens du numérique et de la fin de vie
Place à la sobriété et à la responsabilité : définition des concepts de sobriété numérique, low-tech, green IT, IT4Green, accessibilité, inclusion, illectronisme, écoconception numérique, Green-UX, respect des données personnelles, éthique et numérique responsable
QUIZ ludo-interactif sur les points incontournables
Atelier de réflexion collective afin de définir et de catégoriser des bonnes pratiques d’écoconception et de numérique responsable
Comment je fais, moi ? Guides, référentiels et bonnes pratiques d’écoconception numérique tout en prêtant attention aux effets rebonds
La démarche de l’écoconception numérique : intérêt, méthode, outils de mesure et démonstration avec des cas pratiques
Cette formation avec atelier de réflexion collective réunit la formation de sensibilisation au numérique responsable et à l’écoconception et l’atelier de bonnes pratiques d’écoconception et de numérique responsable. Elle peut être rythmée par des interventions ludo-pédagogiques (quiz interactif) afin de renforcer la mémorisation des points incontournables.";Entreprise;TEMESIS;Comprendre le numérique responsable & la démarche d’écoconception numérique (1 jour);Paris;;1;Présentiel et distanciel;https://www.temesis.com/expertises/ecoconception/formation/comprendre-numerique-responsable-ecoconception/
Formation Continue;Privée (établissement de formation, entreprise, etc.);TEMESIS;;;"Avoir la théorie et la pratique des sujets Numérique responsable et Écoconception numérique
Comprendre les impacts du numérique inscrits dans des enjeux globaux
Maîtriser les différences de concepts et de valeurs présents dans le Numérique responsable
Aborder la démarche d’écoconception numérique de façon simple et outillée
Agir, en créant le réflexe de sobriété numérique au sein des futurs projets numériques
Réfléchir concrètement à l’écoconception d’un service numérique en minimisant son impact environnemental via un exercice d’optimisation (atelier participatif d’1 journée)";"Le programme détaillé est le suivant :

Le contexte actuel, les enjeux environnementaux et sociaux
L’impact global du numérique : Analyse du cycle de vie (ACV) du numérique et d’un projet de service numérique
L’impact de la fabrication matérielle, de nos usages quotidiens du numérique et de la fin de vie
Place à la sobriété et à la responsabilité : définition des concepts de sobriété numérique, low-tech, green IT, IT4Green, accessibilité, inclusion, illectronisme, écoconception numérique, Green-UX, respect des données personnelles, éthique et numérique responsable
QUIZ ludo-interactif sur les points incontournables
Comment je fais, moi ? Guides, référentiels et bonnes pratiques d’écoconception numérique tout en prêtant attention aux effets rebonds
Atelier de réflexion collective afin de définir et de catégoriser des bonnes pratiques d’écoconception et de numérique responsable
La démarche de l’écoconception numérique : intérêt, méthode, outils de mesure et démonstration avec des cas pratiques
(Atelier pratique d’1 journée) Amélioration d’un projet web fictif dès la conception UX, sous forme de réflexion individuelle via l’outil Figma et avec partage des optimisations en groupe. Études de cas concrets en ligne : audit et axes d’amélioration possibles.
Cette formation complète avec atelier pratique d’écoconception et de Green-UX réunit la formation de sensibilisation au numérique responsable et à l’écoconception et l’atelier de bonnes pratiques d’écoconception et de numérique responsable. Elle peut être rythmée par des interventions ludo-pédagogiques (quiz interactif) afin de renforcer la mémorisation des points incontournables.";Entreprise;TEMESIS;Comprendre le numérique responsable & la démarche d’écoconception numérique (2 jours avec atelier);Paris;;2;Présentiel et distanciel;https://www.temesis.com/expertises/ecoconception/formation/comprendre-numerique-responsable-ecoconception-atelier/
Formation Continue;Privée (établissement de formation, entreprise, etc.);TEMESIS;;;"Designer responsable - Durée 3 heures (UX-UI designer)
Développeur responsable - Durée 3 heures (Front & Back développeur)
Chef de projet responsable - Durée 3 heures (Chef de projet)
Product Manager responsable - Durée 3 heures (Product manager & Product owner)
Infrastructure responsable - Durée 3 heures (SRE - Site Reliability Engineering, Devops & Adminsys)
Marketing Manager responsable - Durée 3 heures (Responsable marketing)";;Entreprise;TEMESIS;Formation en lligne;Paris;;3;Distanciel;https://www.temesis.com/expertises/ecoconception/formation/module-specifique/
Formation initiale;Privée (établissement de formation, entreprise, etc.);;;;;;Académique;;EPF Ecole d'ingénieur.e.s;Montpellier;Skill-based evaluation;3;;https://www.epf.fr/formations/cycle-master-les-majeures/majeure-data-engineering
Formation Continue;Privée (établissement de formation, entreprise, etc.);;;;;"CCP 1 – Accompagner différents publics vers l'autonomie dans les usages des technologies, services et médias numériques :
Elaborer des programmes d'actions de médiation facilitant l'appropriation des savoirs et des usages numériques.

Concevoir et produire des ressources pédagogiques et documentaires pour différents supports.

Accueillir différents publics, les informer et proposer des actions de médiation numérique.

Préparer et animer des actions de médiation individuelles et collectives dans différents environnements numériques.
CP 2 – Contribuer au développement d'un espace de médiation numérique et de ses projets :
Effectuer un diagnostic de territoire et de ses besoins numériques. Contribuer au développement et à la pérennité financière d'un espace de médiation numérique.

Développer des partenariats et des collaborations avec des acteurs du territoire.

Promouvoir un espace de médiation numérique et ses projets par une communication multicanale interne et externe.
CCP 3 – Contribuer à la gestion d'un espace de médiation numérique et animer ses projets collaboratifs :

Contribuer au suivi administratif et comptable d'un espace de médiation numérique.

Assurer l'entretien et la maintenance du matériel numérique d'un espace de médiation numérique.

Faciliter et accompagner des projets collaboratifs dans des communautés physiques et à distance.";Centre de Formation;EMERAUDE COMPETENCES MFR - CFA;Titre de Responsable d'Espace de Médiation Numérique;SAINT MALO;"
Le Titre Professionnel de responsable d'espace de médiation numérique
Niveau 5 (bac+2)";58;Présentiel;http://www.emeraude-competences-mfr.fr/formations-5-54-titre-professionnel-responsable-d--039-espace-de-mediation-numerique.html
Formation initiale et Formation Continue;Privée (établissement de formation, entreprise, etc.);;;Autre;Une intervention isolée (séminaire ou séance de cours);"1 cours d'une journée, 7h
Impacts du numérique, green coding, écoconception";Ecole d'informatique;IT Akademy;Développeur fullstack;Lyon;Certification RNCP31678 pour l'ensemble de la formation;1;Présentiel;https://www.it-akademy.fr/formation/parcours/2/developpeur-fullstack-dfs
Formation Continue;MOOC;;;;;Numérique responsable, 5 vidéos de 30 mn au total, plein de liens et un quizz à la fin pour une petite certification;;;;Rouen;;0,5;distanciel;https://metropoleposition.fr/agir-pour-un-numerique-responsable/
Formation Continue;Privée (établissement de formation, entreprise, etc.);;;;"Les compétences professionnelles visées à l’issue de cette formation sont de :
• développer et diffuser un usage du numérique plus sobre en énergie ,
• développer et diffuser un usage des données personnelles mieux raisonné et protecteur des droits de tou·te·s ,
• concevoir et partager des supports de communication numériques plus inclusifs";Cette formation vous permet de comprendre les enjeux du numérique aujourd'hui : sa matérialité pour mieux répondre à l'urgence climatique , le traitement des données pour pouvoir les protéger correctement , les inégalités numériques actuelles pour pouvoir orienter vos actions en faveur de l'inclusion.;Organisme de formation;Competens;Numérique responsable;Rennes;;5;présentiel et distanciel;https://www.competens.net/product/fc/558
Formation initiale;Privée (établissement de formation, entreprise, etc.);;;;;"- Définition de l’écoconception de services numériques
- Comprendre l’impact environnemental du numérique et sa réglementation en France
- Identification des leviers design et technique de d’écoconception, pour les applications web et mobile
- Découverte d’outils pour mettre en place une démarche d’écoconception sur ses projets";;Entreprise Orange Business Services;Sensibilisation à l’écoconception de services numériques – conception logicielle web et mobile;Nantes et Rennes;non;0,5;présentiel et distanciel;
Formation Continue;Privée (établissement de formation, entreprise, etc.);;;;;Eco-conception web;Organisme de formation, formation en entreprise;Orange Carré;Eco-conception web;Saint-Etienne-de-Montluc;Non;3;présentiel;
Formation Continue;Privée (établissement de formation, entreprise, etc.);;;;"Objectifs
- Comprendre la démarche d’écoconception de service numérique au travers de l’écoconception d’un site web
- Maîtriser les concepts fondamentaux de la sobriété numérique et de l’écoconception
- Savoir les appliquer aux services numériques (site web)
- Maîtriser la méthodologie et les outils permettant d’éco-concevoir un site web";"A l’issue de la formation, chaque apprenant sera en mesure de :
- maîtriser la méthodologie et les principaux outils d’écoconception web (hors ACV) ,
- évaluer la performance et la maturité environnementale d’un service numérique ,
- éco-concevoir un service numérique (orienté site web)";formatrice certifiée Qualiopi (membre de la coopérative L'ouvre-boîtes 44);Corymbe;Eco-conception de site web;Nantes;;10,5;présentiel et distanciel;https://corymbe.coop/formation/eco-conception-de-site-web/
Formation Continue;Privée (établissement de formation, entreprise, etc.);;;;;"- Les principes de bases du numérique responsable inspiré du travail de Vincent Courboulay, directeur de l'institut du numérique responsable
- Focus sur les déchets produits directement et indirectement par les usages et consommations d'objets numériques
- Trucs et astuces pour réduire cette production de déchets";auto-entreprise - travaileur indépendant;;Le numérique responsable pour les familles zéro déchets;Morlaix;Non;0,5;présentiel et distanciel;www.tisserands.bzh et https://www.linkedin.com/feed/update/urn:li:activity:6907681791600152576
Formation Continue;Privée (établissement de formation, entreprise, etc.);Ping;;;;"Vous développez une activité professionnelle dans les secteurs de l’ESS, associatifs ou des tiers-lieux/fablabs, et vous avez à cœur de porter des valeurs éthiques, éco-responsables ou solidaires dans votre pratique professionnelle. Ces valeurs ne sont pas juste des mots et sont incarnées par vos positionnements et vos actions. Cependant, l’utilisation d’outils numériques de Google, Apple, Microsoft, Adobe (entre autres géants numériques tentaculaires) pour travailler et collaborer au quotidien vous interroge, car vous avez l’impression de mobiliser des outils numériques « en dissonance » avec les valeurs que vous portez dans votre activité professionnelle.

Vous souhaitez avancer pas à pas sur cet aspect de votre activité ? Cette formation vous permettra de dresser un état des lieux de vos usages, d’identifier des alternatives activables dans votre contexte professionnel et de tester des solutions concrètes en mode « bac à sable », en compagnie d’autres professionnel·les.";Association;Ping;Aligner ses pratiques numériques (outils, usages) avec les valeurs de son activité professionnelle;Nantes;Contrôle continu pendant la formation / Exercices de mise en pratique;2;Présentiel;https://info.pingbase.net/offre-de-formation/#1638529798812-a741f1a7-1e06
Formation initiale;Privée (établissement de formation, entreprise, etc.);;;;;"Prendre conscience de l'impact du numérique dans le secteur du tourisme et s'approprier les clés du numérique responsable pour l’intégrer de façon cohérente à sa stratégie de tourisme durable et RSE.

Comprendre les synergies entre tourisme durable et numérique responsable pour construire un discours et une expertise adaptée selon l’interlocuteur.

Optimiser sa stratégie tourisme durable grâce à des leviers de communication et des moyens digitaux raisonnés et adaptés.

Formateur Alary Alexandre (fondateur du collectif / consultant marketing responsable tourisme durable). Marie Husson (green IT et membre du collectif digital green tourisme) intervenant ( membre du collectif expert site internet éco conception, et social média impact positif)";Collectif;collectif digital green tourisme en partenariat avec Formanova;Intégrer le Numérique Responsable  dans votre stratégie de tourisme durable & RSE;National;Un QCM de connaissances avec une attestation de formation;1;présentiel et distanciel;https://www.canva.com/design/DAE7aYGUMJY/fe-TdVeh6GZjXKSowQ9ybg/view?utm_content=DAE7aYGUMJY&utm_campaign=designshare&utm_medium
Formation Continue;Privée (établissement de formation, entreprise, etc.);;;;;Comment peut-on agir pour des outils numériques plus éthiques alors que nous ne sommes pas de la technique ? Nous verrons ensemble comment concevoir, au sens large, des applications métier, des sites internet ou des services numériques plus respectueux de l’environnement et leurs utilisateurs.;Agence et organisme de formation;Jujotte;Design numérique responsable;Nantes;"À l’issue de la formation, vous pourrez :
- Acquérir les bases théoriques de la conception numérique responsable.
- Connaître les leviers les plus impactants pour des interfaces plus respectueuses de l’environnement
- Acquérir les bases théoriques des règles d’accessibilité web";1;présentiel et distanciel;https://www.notion.so/jujotte/Design-num-rique-responsable-91eb43034a0d4291b3be2c85ba496bfa
Formation Continue;Privée (établissement de formation, entreprise, etc.);;;;Un ou plusieurs modules / unités d'enseignement;;;TEMESIS;Comprendre le numérique responsable & la démarche d’écoconception numérique;Paris - France;"- Évaluation des acquis au cours de la formation sous forme de quiz ludo-interactif
- Questionnaire d’évaluation en fin de session dans lequel le participant évalue les apports de la formation et sa capacité à les mettre en œuvre";1,5;Présentiel et distanciel;
Formation Continue;Privée (établissement de formation, entreprise, etc.);;;;;;;Association d'intérêt général;Atelier pro écoconception & design numérique;Paris;"- Compréhension des impacts environnementaux du numérique et le rôle du design sur ces enjeux
- Découverte des concepts clés de la démarche d’écoconception
- Capacité à estimer l’empreinte environnementale d’un parcours
- Etre capable d’identifier des pistes d’amélioration et d’optimiser certains contenus web pour réduire l’impact environnemental d’un service numérique";0,5;Présentiel et distanciel;
Formation Continue;Privée (établissement de formation, entreprise, etc.);;;;"Nous vous proposons un atelier de 3h30 suit le déroulé suivant :
- Introduction aux impacts environnementaux du numérique
- Analyse d’impact de 2 parcours utilisateur
- Identification des principaux leviers d’action et exemples d’améliorations
- Rappel des bonnes pratiques de conception-design
- Questions et partage";;;Association d'intérêt général;Formation à l'écoconception de services numériques par Designers Ethiques;Paris;"- Comprendre les enjeux environnementaux du numérique
- Savoir en quoi consiste l'écoconception
- Être capable d'estimer l'impact environnemental d'un parcours web
- Acquérir les bonnes pratiques d'écoconception en tant que designer ou concepteur de service numérique
- Identifier des leviers d'action au sein de son entreprise";1;Présentiel et distanciel;https://www.ut-capitole.fr/formations/nos-diplomes/masters/master-m2-mention-management-parcours-type-droit-et-gestion-de-la-res
Formation Continue;Privée (établissement de formation, entreprise, etc.);;;;"1 - L’impact environnemental du numérique
Effets du numérique sur l’environnement
Empreinte écologique et impacts sociaux, économiques et
politiques du numérique
Réchauffement climatique, gaz à effet de serre et bilan
carbone
2 - Le numérique responsable
De quoi s’agit-il ?
Les initiatives et acteurs du Numérique Responsable
Lois et projets de loi sur l’impact environnemental du
numérique
Et le numérique au service de la transition écologique?
L’effet rebond
3 - Les démarches des acteurs en faveur de la sobriété
numérique
Où en sont les fournisseurs de l’IT ?
Maturité des entreprises et organisations publiques sur le
sujet
4 - Déployer la sobriété numérique en entreprise:
ordres de grandeur, leviers d’action et rôle de l’IT
Les sources d’émissions carbone de la DSI
Bilan carbone de la DSI, et plan d’action IT
Leviers de réduction : optimiser ses infrastructures et
équipements, politique d’achats et exigences pour les
fournisseurs, Gestion et fin de vie des équipements,
Sobriété numérique by design
L’analyse de cycle de vie
5 - Organiser sa démarche au sein de son entreprise
Déployer une politique NR
Organiser la gouvernance d’une stratégie sur le numérique
responsable
Bonnes pratiques et outils pour une gouvernance NR
Impliquer les parties prenantes : métiers de la DSI /
Direction achats / RSE / communication
Piloter sa stratégie sur le numérique responsable. Exemples
de KPI
Le label NR
Points forts / Moyens pédagogiques
? Une formation en petit groupe par des consultants experts dans
leur métier.
? Des études de cas et quizz pour favoriser l’apprentissage.
? Une évaluation de fin de parcours.
Compétences acquises grâce à la formation
? Introduction à l’impact environnemental du numérique
? Comprendre les enjeux pour la DSI et les équipes RSE
Module";"1 - L’impact environnemental du numérique
2 - Le numérique responsable
3 - Les démarches des acteurs en faveur de la sobriété
4 - Déployer la sobriété numérique en entreprise:
5 - Organiser sa démarche au sein de son entreprise
";;;Introduction au Numérique Responsable;Paris;Connaissances sur l'impact environnemental du numérique, compréhension des enjeux de la DSI;1;Présentiel et distanciel;https://www.elee.com/sites/elee-site/files/2022-02/El%C3%A9e%20-%20Catalogue%20des%20formations%202022_0.pdf
Formation Continue;Privée (établissement de formation, entreprise, etc.);;;;"1 - L’impact du numérique
Quelques chiffres: état des lieux et ordres de grandeur
Et le numérique pour la transition écologique ?
Impact social, politique et économique du numérique
L’effet rebond
2 - Le Numérique responsable
De quoi s’agit-il ?
Les initiatives et acteurs du Numérique Responsable
Les lois, projets de loi, réglementations et initiatives
publiques
3 - Les démarches des acteurs en faveur de la sobriété
numérique
Où en sont les fournisseurs de l’IT ?
Focus sur les acteurs du cloud (américains et français)
Maturité des entreprises françaises sur le sujet
4 - Comment mesurer l’empreinte environnementale de
l’informatique de son organisation?
Réchauffement climatique et gaz à effet de serre.
Le bilan carbone de l’IT
Les équipements IT
Identifier et approfondir les postes importants
Cas Pratique
5 - Et l’empreinte des services ?
L’analyse de cycle de vie
Quel type de mesure pour quelle finalité ?
6 - Focus sur le numérique au service de la transition
écologique
Net Zero Initiative
Etude de cas sur le télétravail : opportunité ou illusion ?
7 - Déployer la sobriété numérique en entreprise: leviers
d’action et rôle de la DSI
Etablir un plan de réduction
Comment manier les mécanismes de compensation ?
Etablir et suivre ses KPI.
8 - Organiser sa démarche au sein de son entreprise
Déployer une politique numérique durable. Impliquer ses
clients. Mettre en œuvre la transformation culturelle.
Organiser sa gouvernance
Les attentes des clients envers leurs fournisseurs
Les 65 bonnes pratiques de l’INR et le label NR
Cas Pratique
";"Sujet abordés sur la journée :
1. impact environnemental du numérique, notions de réchauffement climatique, émissions de GES
2. Numérique responsable, initiatives et acteurs, lois, numérique et transition écologique
3. Démarches en faveur de la sobriété numérique, maturité des entreprises françaises
4. Déployer la sobriété numérique en entreprise, ordres de grandeurs, bilan carbone, leviers d'actions
5. Organiser sa démarche au sein de son entreprise : déployer une politique numérique responsable, organiser la gouvernance, impliquer les parties prenantes";;;La sobriété numérique et son application dans la stratégie de la DSI;Puteaux;"- Développer une compréhension poussée du numérique responsable et de l’environnement réglementaire
- Comprendre les principes de la comptabilité carbone pour l’IT et savoir mesurer et identifier ses flux d’émissions
- Bâtir un plan d’action et une stratégie Green IT, en embarquant les équipes et les parties prenantes";2;Présentiel et distanciel;https://www.elee.com/sites/elee-site/files/2022-02/El%C3%A9e%20-%20Catalogue%20des%20formations%202022_0.pdf
Formation Continue;Privée (établissement de formation, entreprise, etc.);;;;"Sujet abordés :
1. Impact du numérique
2. le Numérique Responsable
3. Les démarches des acteurs en faveur de la sobriété numérique
4. Comment mesurer l'empreinte environnementale de l'informatique de son organisation ?
5. Et l'empreinte des services ?
6. Focus sur le numérique au service de la transition écologique
7. Déployer la sobriété numérique en entreprise : leviers d'action et rôle de la DSI
8. Organiser sa démarche au sein de son entreprise";"Sujet abordés :
1. Impact du numérique
2. le Numérique Responsable
3. Les démarches des acteurs en faveur de la sobriété numérique
4. Comment mesurer l'empreinte environnementale de l'informatique de son organisation ?
5. Et l'empreinte des services ?
6. Focus sur le numérique au service de la transition écologique
7. Déployer la sobriété numérique en entreprise : leviers d'action et rôle de la DSI
8. Organiser sa démarche au sein de son entreprise";;;Achats IT responsables;Puteaux;"- connaissances pour des achats IT plus durables
- labels, certifications";1;Présentiel et distanciel;https://www.elee.com/sites/elee-site/files/2022-02/El%C3%A9e%20-%20Catalogue%20des%20formations%202022_0.pdf
Formation initiale;Publique (université, école d'ingénieur, etc.);Mines Saint-Étienne;Institut Henri Fayol;;"Sujets abordés :
1. Evaluer ses fournisseurs et prestataires : Comprendre l'empreinte carbone de ses fournisseurs, labels et certifications RSE/environnementales des entreprises, labels et certifications de l'informatique et du recyclage des objets électroniques dans le cadre B2B, évaluation de la gestion de la fin de vie de son parc d'équipements
2. Formaliser une politique d'achat Numérique Responsable : aspects reglementaires, contract management, normes, contrats IT, clausiers et cahier des charges";La séance de cours « Systèmes d'information et responsabilité sociétale » s'inscrit dans un module de cours sur les bonnes pratiques du développement logiciel. La majorité du module est dédiée à des bonnes pratiques d'un point de vue de la programmation (design patterns, principes SOLID) mais 2h de cours sont dédiées au numérique responsable.;;;;;;;;http://www.vcharpenay.link/courses/num-responsable.html
